error, error_dot, error_int, stamp, 
0.020272322787161217, -5.877424905016937e-08, 0.0013785181828184128, 92405000000, 
0.020272320684451867, -6.274515489831661e-08, 0.0018380241183326553, 92439000000, 
0.02092008091727591, 0.003175274644143829, 0.003468318928686364, 92507000000, 
0.0218354852489915, 0.006166812682848541, 0.0058691104142658285, 92609000000, 
0.022071677924590895, 0.0037633889127940724, 0.007165288354248054, 92711000000, 
0.022312772006011193, 0.0015597606438552088, 0.007304038901129852, 92813000000, 
0.022556887677352006, 0.0015856527868010155, 0.007459389456647062, 92915000000, 
0.022804061216393254, 0.001605520295366214, 0.007587500116987041, 93017000000, 
0.023055593045627237, 0.0016297561054746139, 0.007670467447158271, 93119000000, 
0.023312472816510568, 0.0016614758173768424, 0.007754841499808809, 93221000000, 
0.023574427937595857, 0.0016955388626425484, 0.007840634103156566, 93323000000, 
0.023840851718254296, 0.0017267284370710058, 0.007927943657937921, 93425000000, 
0.02411044630511245, 0.0021922080423061097, 0.006680648203309023, 93493000000, 
0.024385785181366918, 0.0022213423416395394, 0.0067560257576676054, 93595000000, 
0.024666489146092818, 0.0018171334672561056, 0.008199304019612717, 93697000000, 
0.02495306609859536, 0.0018538592066288967, 0.008293051414560684, 93799000000, 
0.02524499914233971, 0.0018905555432904963, 0.008388533439398493, 93901000000, 
0.026153306420832308, 0.0039223539942383895, 0.008527447927267444, 94003000000, 
0.02813776511467135, 0.009453483569711244, 0.008782582562732144, 94105000000, 
0.031623382779582994, 0.01787606653186499, 0.009255651329809475, 94207000000, 
0.037559826836053835, 0.030791051377066943, 0.010112911059956651, 94309000000, 
0.047971067557470534, 0.053423806463684775, 0.011658283712185547, 94411000000, 
0.06483172841231105, 0.0891238613603177, 0.014288416407606102, 94513000000, 
0.09010442817237024, 0.13769072096372456, 0.018502149495529623, 94615000000, 
0.1277100108712067, 0.20548458319900542, 0.025036040205760036, 94717000000, 
0.15780745834870827, 0.22125173260241185, 0.03321287914862054, 94819000000, 
0.16682786402885594, 0.12783612143022627, 0.041295141308674746, 94921000000, 
0.16985476960758453, 0.03937029823162176, 0.04843670810995334, 95023000000, 
0.17287050155249437, 0.019747181449798784, 0.05406480109980178, 95125000000, 
0.17602214433448382, 0.025304562476777846, 0.04779168847942052, 95193000000, 
0.17936901806773148, 0.026386725183764184, 0.04901351019683184, 95295000000, 
0.18284685767239856, 0.022302984764427238, 0.0599055038039591, 95397000000, 
0.1864604129923893, 0.023174493217836028, 0.06103468755412582, 95499000000, 
0.1981103148740977, 0.049880579090520065, 0.06275099485999486, 95601000000, 
0.22628595135816554, 0.13014881818881122, 0.06616893373760521, 95703000000, 
0.2871616467239819, 0.2910174243460269, 0.07349883248623024, 95805000000, 
0.31001143046154656, 0.27361267680843476, 0.08214602343589229, 95907000000, 
0.3949927888925614, 0.35238935349208983, 0.09632622499710401, 96009000000, 
0.5521363494884158, 0.7912579053165664, 0.12039999535087764, 96111000000, 
0.5158208470469456, 0.39486293514504656, 0.14008836825771467, 96213000000, 
0.6470735378679646, 0.3102522496063686, 0.1645623768555055, 96315000000, 
0.8590178743278173, 1.1215589126825871, 0.20189481503841192, 96417000000, 
0.692423614947915, 0.14820286627434776, 0.22212011121017597, 96519000000, 
0.7818723652548739, -0.2521095067743248, 0.23774216028229508, 96621000000, 
0.8377354634037054, 0.5661548938895625, 0.21636029516212898, 96689000000, 
0.9060942149006133, 0.4972333291508337, 0.2310381335273124, 96791000000, 
0.9468610796885998, 0.3566196610617463, 0.28321909819730806, 96893000000, 
0.9713830980500762, 0.21336236323353894, 0.30218834304825504, 96995000000, 
0.9879057921261943, 0.13413304718168154, 0.31619861607550487, 97097000000, 
1.0350853105502982, 0.20817716503340525, 0.3296184056814731, 97199000000, 
1.1427459136886258, 0.5060134691582727, 0.34571072119905794, 97301000000, 
0.7578321904032304, -0.906055948193032, 0.33285675672765286, 97403000000, 
0.8026650090211469, -1.1113755054492773, 0.32138392667368565, 97505000000, 
0.8808783783378599, 0.4021117252765671, 0.31410606253607887, 97607000000, 
0.9975653476753806, 0.6369292112883455, 0.3115547050605845, 97709000000, 
1.1590730460719654, 0.9091329010918482, 0.3126649500626516, 97811000000, 
0.8749656341004205, -0.4006526587416998, 0.32063002423406056, 97913000000, 
0.9757985362378239, -0.5989363066475213, 0.33240310408479457, 98015000000, 
1.1100768097239435, 0.7683371752402713, 0.34798859741904825, 98117000000, 
1.2915229835581106, 1.0317792396087802, 0.3679777166590739, 98219000000, 
0.841871757397668, -1.6112113248578328, 0.2886733575243514, 98287000000, 
0.9132934008107509, -1.9707686138156237, 0.2908452643046035, 98389000000, 
0.9829311657945365, 0.46097845881329613, 0.3494993359753806, 98491000000, 
1.0475340593286642, 0.43869496247684064, 0.34524642894850166, 98593000000, 
1.0959280923843422, 0.3692710019274694, 0.33194597634868545, 98695000000, 
0.6007761583686627, -1.4599931403921615, 0.315551475614713, 98797000000, 
0.5717045639803361, -1.7131487856340069, 0.2923234347102448, 98899000000, 
0.528374404214311, -0.23660703972010355, 0.26141357492278944, 99001000000, 
0.4443613320112356, -0.41615435284019764, 0.22039782946520436, 99103000000, 
0.2717065535607023, -0.8387838256653882, 0.1643507648251968, 99205000000, 
0.04871098959308018, -1.2929749752227304, 0.1268103333484572, 99307000000, 
-0.1380244530859811, -1.3389902177996191, 0.07854876018794767, 99409000000, 
-0.38939033867505374, -1.4317036871507645, 0.016140757671470857, 99511000000, 
-0.6912901378604259, -1.8080577933805386, -0.061083542279802124, 99613000000, 
-0.39794630239495177, -0.027960665751300667, -0.10661993648478657, 99715000000, 
-0.5600575679611428, 0.4288646075139972, -0.14801619839847371, 99817000000, 
-0.6664255954296169, -1.0511872770225559, -0.15328956339820082, 99885000000, 
-0.8285183897896402, -1.0511269136037074, -0.17817348629469407, 99987000000, 
-0.9800314621157241, -1.0248557734840107, -0.23344259360299313, 100089000000, 
-0.6202538849222211, 0.6806029570830691, -0.24855950921484746, 100191000000, 
-0.7349971357111846, 0.8007657725638545, -0.2604553998218503, 100293000000, 
-0.8504034873525101, -0.7521228837591146, -0.27296589647260705, 100395000000, 
-0.9530181243126932, -0.7124868908546031, -0.2814318784201746, 100497000000, 
-0.594886934546902, 0.8350214143974123, -0.2552420505454947, 100599000000, 
-0.6745218558096737, 0.9101185245196716, -0.2589322725658415, 100701000000, 
-0.7558071212842061, -0.5258829631938043, -0.260347351584807, 100803000000, 
-0.8368209642728619, -0.5303892433437523, -0.25942374001539087, 100905000000, 
-0.4664025009803562, 0.9457667330191176, -0.22633387762879195, 101007000000, 
-0.5284974312291884, 1.0075932452407634, -0.22181939140318743, 101109000000, 
-0.5955504977270758, -0.42205227695006414, -0.2164493390535708, 101211000000, 
-0.6666007292721574, -0.45131796746068326, -0.21038330439675146, 101313000000, 
-0.24437537789875058, 1.83754181540859, -0.14174750376942657, 101381000000, 
-0.28718937169572545, 1.9298171021671087, -0.1315920931099642, 101483000000, 
-0.3341790242043544, -0.2934759683189668, -0.1446968600542683, 101585000000, 
-0.3859658298717216, -0.3227988829280921, -0.13044510264010423, 101687000000, 
-0.4443329677719195, -0.35998020773714084, -0.11533089485808803, 101789000000, 
0.027583891595961613, 1.351469677998965, -0.09683766453244762, 101891000000, 
0.012287178489798406, 1.4922227002016928, -0.076473259119832, 101993000000, 
-0.005168317639649228, -0.10703336351506813, -0.05410053107343205, 102095000000, 
-0.026710893358273063, -0.12744467924206362, -0.029671195390517553, 102197000000, 
-0.07664073657314109, -0.23356999651467933, -0.004668123669000628, 102299000000, 
0.44612254072463375, 1.5452073009245322, 0.023792504471749073, 102401000000, 
0.4839407937666386, 1.831965785424117, 0.0558649503105742, 102503000000, 
0.534803380998112, 0.28980666756038637, 0.09258302581794196, 102605000000, 
0.6075055744065055, 0.40380647267930364, 0.13570974562594693, 102707000000, 
0.7040543142774173, 0.5531076250957689, 0.18879700908378486, 102809000000, 
0.8444783490740511, 0.7744208322468809, 0.21588520405154524, 102911000000, 
0.8746338309688054, 0.6067230641789717, 0.20204360881774383, 102979000000, 
0.9378951471719217, 0.3545573171413327, 0.22488547556759303, 103081000000, 
1.0131721396963749, 0.45273957100512896, 0.2974478971208227, 103183000000, 
1.103188061288868, 0.5401729219508051, 0.3245889919176014, 103285000000, 
1.2140566035700262, 0.6564851760576841, 0.3497203132233277, 103387000000, 
1.3686149317699146, 0.8674080734674723, 0.38331102807780315, 103489000000, 
1.0247291743332971, -0.6187170890089186, 0.38921574192477665, 103591000000, 
1.060885489345706, -1.0056517726281327, 0.3924602497009312, 103693000000, 
1.1020325140707292, 0.252625293259582, 0.3923816724900977, 103795000000, 
1.1497460895551381, 0.2903941183314775, 0.3880085575370853, 103897000000, 
1.2306356677038734, 0.42027174389916416, 0.3786259675805946, 103999000000, 
0.8321938697314433, -1.0377523523650158, 0.3655335668676685, 104101000000, 
0.8110349191965832, -1.3712442761676151, 0.3485437280975281, 104203000000, 
0.7788892647497029, -0.17419805549588363, 0.32656998714369834, 104305000000, 
0.7334179063109978, -0.25365036890714193, 0.2982596706830968, 104407000000, 
0.6668779993296139, -0.3660498869937549, 0.25992414923364715, 104509000000, 
0.6112886117872728, -0.48994767416632534, 0.20408549307786966, 104577000000, 
0.4809328965083213, -0.6984960672956313, 0.1853797117922015, 104679000000, 
0.30380315903862487, -1.0048544207472154, 0.19014979896228845, 104781000000, 
0.19778117104926862, -0.925332436140695, 0.15372650096449086, 104883000000, 
0.07406240097885985, -0.7507867910449838, 0.1134150402766396, 104985000000, 
-0.07509771543461075, -0.8917610669407824, 0.06674077002555154, 105087000000, 
-0.2393540491198377, -1.0242367650284236, 0.01776125772283673, 105189000000, 
-0.4074050755637735, -1.0859717651279828, -0.03060090223012635, 105291000000, 
-0.5715326708153077, -1.0855510512923856, -0.08291424347691752, 105393000000, 
-0.7229214925748906, -1.0310994019971147, -0.13710914823857256, 105495000000, 
-0.8612832057471047, -0.9468971729797288, -0.19056976157982217, 105597000000, 
-0.4304641890186867, 0.9557428220790977, -0.20356525109294388, 105699000000, 
-0.5121770385537526, 1.1408698274292552, -0.21068974457626247, 105801000000, 
-0.5892602756308777, -0.518941459516964, -0.21189522170372121, 105903000000, 
-0.6609308161025667, -0.4861234560418759, -0.20767985570360317, 106005000000, 
-0.7399737939805572, -0.4925278377440507, -0.19943081570347798, 106107000000, 
-0.7873519275442723, -0.49055613798550074, -0.18641598493601483, 106175000000, 
-0.8557710416773959, -0.4558376290153474, -0.20588631177968794, 106277000000, 
-0.916765521954027, -0.42292024316913324, -0.26933393088559965, 106379000000, 
-0.552100262894252, 0.992388165957987, -0.2619334532674343, 106481000000, 
-0.5965315480573714, 1.0465162545642344, -0.25217938054465766, 106583000000, 
-0.6418960808896294, -0.2934503856058085, -0.2422883829721419, 106685000000, 
-0.6855723565520555, -0.2909830342963533, -0.23071487238361876, 106787000000, 
-0.7377570125367402, -0.31327101845461064, -0.21854229374324327, 106889000000, 
-0.7890497421392404, -0.3381613908077938, -0.23465485833190247, 106991000000, 
-0.45340724257489706, 0.9292476142543894, -0.2249224055590942, 107093000000, 
-0.48880295880358293, 0.9811986383518218, -0.21451207325724306, 107195000000, 
-0.5234316190690019, -0.2288378316800813, -0.2034865031083954, 107297000000, 
-0.557230847083343, -0.22362054993385652, -0.19121072385756444, 107399000000, 
-0.6062097759607851, -0.2705168525875266, -0.17877760615742946, 107501000000, 
-0.6508941209580915, -0.3060891303096356, -0.1922067138874867, 107603000000, 
-0.3002597634323512, 0.9998366422497839, -0.17938577660224295, 107705000000, 
-0.3182998351363029, 1.0574321894438328, -0.13786401274568283, 107773000000, 
-0.34345814369558986, -0.17064841867717148, -0.12575022622037682, 107875000000, 
-0.36875070687741346, -0.16487212987291036, -0.13475305476678293, 107977000000, 
-0.4000399710696076, -0.1849079325948292, -0.11769497257436601, 108079000000, 
-0.43730942571652465, -0.22404810078140913, -0.1270143496096898, 108181000000, 
-0.44666751043261976, -0.15237757961768686, -0.13574335152983935, 108283000000, 
-0.44689609911515216, -0.03132899803473043, -0.14277713249836957, 108385000000, 
-0.4461836536009151, 0.0015812314761590011, -0.14804257287556769, 108487000000, 
-0.44591425115147654, 0.003208653476064116, -0.15116202392113479, 108589000000, 
-0.4459220363129035, 0.0008549584575542692, -0.15174768144168851, 108691000000, 
-0.4459762306645071, -0.00020254742820441919, -0.15170067441745688, 108793000000, 
-0.446005723342225, -0.00027348702392643347, -0.1516401288648978, 108895000000, 
-0.4460039169038152, -9.047790623562125e-05, -0.15162790676949503, 108997000000, 
-0.44598049466142403, 8.24466692841811e-05, -0.15163241132817146, 109099000000, 
-0.4459500327759275, 0.0001760919212016486, -0.1516343150876571, 109201000000, 
-0.4459371850247921, 0.00016252781764570116, -0.12635971665346377, 109269000000, 
-0.44593573351151106, 6.772267968662716e-05, -0.12635575056305662, 109371000000, 
-0.4459449770693814, -2.5464198004193386e-05, -0.15162289276692642, 109473000000, 
-0.44594299793959985, -2.3739961074488436e-05, -0.1516203429898424, 109575000000, 
-0.44592566402569933, 6.311452183685868e-05, -0.15161868591482686, 109677000000, 
-0.4494170893333372, -0.011353239848814813, -0.15185531940780791, 109779000000, 
-0.45283000630324916, -0.022563210057352363, -0.1523241299576461, 109881000000, 
-0.4563237958672405, -0.022570936385304885, -0.15302988963590053, 109983000000, 
-0.45985908801966874, -0.02297085528241694, -0.15397618376134523, 110085000000, 
-0.4598693924065257, -0.011586916795049711, -0.1549243572912414, 110187000000, 
-0.4598842825736846, -8.23351438426123e-05, -0.15563612643158503, 110289000000, 
-0.4598870394485598, -5.7670072006888694e-05, -0.15611600468546616, 110391000000, 
-0.4598921072176159, -2.557073180177223e-05, -0.1563586498572917, 110493000000, 
-0.4598981194604273, -3.620918910948897e-05, -0.1563613039952633, 110595000000, 
-0.45990101761591795, -2.9118948699448066e-05, -0.15636345450950195, 110697000000, 
-0.4598979855379547, 4.37655139253495e-07, -0.15636438631107233, 110799000000, 
-0.459894676199843, 2.6130997159572438e-05, -0.13030408800846632, 110867000000, 
-0.459891204352863, 2.7568150808926674e-05, -0.13030403684613032, 110969000000, 
-0.4598916739110462, 9.811401296712365e-06, -0.15636440591799847, 111071000000, 
-0.45989354199416854, -7.63935067165884e-06, -0.1563638975757195, 111173000000, 
-0.45989290465942756, -4.022053533907195e-06, -0.15636355207597966, 111275000000, 
-0.46342380786118564, -0.011536816558879419, -0.15660353302895097, 111377000000, 
-0.4669520206289326, -0.023069006436290968, -0.1570836685357237, 111479000000, 
-0.4705167508210312, -0.023179552156358113, -0.1578061737656027, 111581000000, 
-0.47411271980432834, -0.023400977697371723, -0.15877307785669353, 111683000000, 
-0.47772810737210153, -0.02356652467670034, -0.15998587164115538, 111785000000, 
-0.481359632400772, -0.02368272090341068, -0.16120550770984726, 111887000000, 
-0.4850104991460273, -0.02379866592786195, -0.1624334842490097, 111989000000, 
-0.48500759531488824, -0.011921447431752392, -0.16341886167459196, 112091000000, 
-0.4850275124925869, -5.5599171763478766e-05, -0.16416106757739354, 112193000000, 
-0.48503419775466705, -8.693607770853321e-05, -0.164657881723408, 112295000000, 
-0.4850307740335316, -1.0658630538268284e-05, -0.16490751935443568, 112397000000, 
-0.485025986082307, 3.4658980301762474e-05, -0.13742381038841892, 112465000000, 
-0.4850253240372916, 2.5633894942249065e-05, -0.13742481501602175, 112567000000, 
-0.4850263243351064, -1.105401305167176e-06, -0.16490969722451743, 112669000000, 
-0.48502686113877946, -5.02320747669792e-06, -0.16490919833463705, 112771000000, 
-0.4850258758297257, 1.4657038585735173e-06, -0.16490886525677825, 112873000000, 
-0.48869994138117434, -0.012003530203904829, -0.16515869421710125, 112975000000, 
-0.49237477682027453, -0.02401601630898319, -0.1656584570063441, 113077000000, 
-0.49608644238931776, -0.02413889218347523, -0.16641054503403047, 113179000000, 
-0.4998276829350385, -0.02435590233582993, -0.16741700091617606, 113281000000, 
-0.5035892086095701, -0.024518843857033873, -0.16867930754520552, 113383000000, 
-0.5073676055579771, -0.024640270009603338, -0.1699487087092281, 113485000000, 
-0.511166961314152, -0.02476389772739161, -0.17122657725481175, 113587000000, 
-0.514989652977407, -0.02490865169748316, -0.17251199557480185, 113689000000, 
-0.08739051444307133, 1.3848903492518978, -0.14446626811734806, 113791000000, 
-0.08931982322971621, 1.3910778749924537, -0.116295949911518, 113893000000, 
-0.09126149720609228, -0.012650270467388716, -0.08800073454358981, 113995000000, 
-0.09128695750698451, -0.006470145188609207, -0.049540745237252035, 114063000000, 
-0.09129936764864849, -0.00016536141504027994, -0.025531629068622393, 114165000000, 
-0.0912906871696667, -1.2188440137891397e-05, -0.030903166627755354, 114267000000, 
-0.09128475916979611, 4.774012696854153e-05, -0.031036782271680788, 114369000000, 
-0.09128412193892438, 2.145500242590871e-05, -0.03103832075351337, 114471000000, 
-0.09324048631726495, -0.006391265187806645, -0.031171160712612438, 114573000000, 
-0.09518807702493526, -0.0127580231568983, -0.03143559295019994, 114675000000, 
-0.09716087963831421, -0.012811742879245963, -0.03183476603806797, 114777000000, 
-0.09915482937325187, -0.012963242968354953, -0.03236993081190296, 114879000000, 
-0.10116277381441152, -0.013078085542801663, -0.033041679139436085, 114981000000, 
-0.10318258606889785, -0.013162603580542415, -0.033717741922547124, 115083000000, 
-0.10521511403052813, -0.013242941882734028, -0.03439958043892744, 115185000000, 
-0.10726226959639684, -0.013332299109473825, -0.03508647495607706, 115287000000, 
-0.10932337219095317, -0.013425680262826922, -0.035777935867680744, 115389000000, 
-0.11139798103837367, -0.01351539686920533, -0.036473929958910176, 115491000000, 
-0.11348618347812806, -0.013603958454819882, -0.037174574582737825, 115593000000, 
-0.11549398823179702, -0.01666637114463342, -0.031561281690353424, 115661000000, 
-0.11761010617636114, -0.01675759828453453, -0.0321476590965514, 115763000000, 
-0.11974124553520754, -0.013879925828138967, -0.03928560630327098, 115865000000, 
-0.11986203810911, -0.007359254682185827, -0.03986116218408105, 115967000000, 
-0.11987494328592668, -0.00043692075398412317, -0.040295597851011354, 116069000000, 
-0.12201169122096728, -0.007025010169468219, -0.04073880165427493, 116171000000, 
-0.12414437876545809, -0.013952403527880403, -0.041183132190333524, 116273000000, 
-0.126310877396692, -0.014049628025244195, -0.04162986715691447, 116375000000, 
-0.12850325811541607, -0.014244703758032643, -0.04221747011734329, 116477000000, 
-0.13071096130715754, -0.014379359184527894, -0.042954319342786984, 116579000000, 
-0.1329301474247055, -0.014466958527089598, -0.043696774364641186, 116681000000, 
-0.1351627120775869, -0.014548205132122105, -0.044446021029865945, 116783000000, 
-0.13741247226653208, -0.01464812039812611, -0.04520092948101506, 116885000000, 
-0.13967912280072448, -0.014759512167116262, -0.04596088827961603, 116987000000, 
-0.14196196095791258, -0.014867610102550652, -0.04672595625586738, 117089000000, 
-0.14416318768522007, -0.018250582510291973, -0.03957483582798531, 117157000000, 
-0.14647555078714752, -0.018347069257806173, -0.040215896688193746, 117259000000, 
-0.14880303276309265, -0.015162892411348279, -0.04903363413959861, 117361000000, 
-0.15114796912785117, -0.015269340982691648, -0.04981351568984322, 117463000000, 
-0.15350972791232628, -0.01538135669684195, -0.05059876384274335, 117565000000, 
-0.16045340999152716, -0.030409937462993433, -0.05170649895957224, 117667000000, 
-0.17443414953212472, -0.06838046280979881, -0.05360768367423069, 117769000000, 
-0.191452216582657, -0.10130328951349617, -0.056507828173961064, 117871000000, 
-0.2016931900452887, -0.089081831742366, -0.05994490319634682, 117973000000, 
-0.20452073454747316, -0.04270757504841887, -0.0634136516475368, 118075000000, 
-0.20725030489459334, -0.018160506043479182, -0.0665958405009453, 118177000000, 
-0.20998594537771526, -0.017860166111902272, -0.06901336261844547, 118279000000, 
-0.21275373164376066, -0.017985054735840906, -0.0704618656426005, 118381000000, 
-0.21555647254287028, -0.01820433714102948, -0.07140456885243605, 118483000000, 
-0.21838768326318836, -0.018411606599436935, -0.07234752136510468, 118585000000, 
-0.2212359012585261, -0.018560224560966756, -0.07329854191785212, 118687000000, 
-0.22399397618200917, -0.02282787706066125, -0.061875906677120084, 118755000000, 
-0.2268675162463896, -0.02291062892027786, -0.06267568780460239, 118857000000, 
-0.229764904899987, -0.01885924417639812, -0.0761769987658068, 118959000000, 
-0.23269217723548657, -0.01903483983365026, -0.07714970435592308, 119061000000, 
-0.2356457301569516, -0.019218383192694755, -0.07812957272101602, 119163000000, 
-0.24435943214555797, -0.03812828401984116, -0.07951442372653733, 119265000000, 
-0.2619934737435869, -0.08610373721122648, -0.08190298883634675, 119367000000, 
-0.2897809013266084, -0.14843617379428242, -0.08598407659335701, 119469000000, 
-0.32970869331285874, -0.22129156721984264, -0.0925811996866183, 119571000000, 
-0.3825625629682232, -0.30320804458044065, -0.10257154431778477, 119673000000, 
0.058237791740378686, 1.2677989707622137, -0.0819949330935411, 119775000000, 
0.04675307208149404, 1.4029922714043048, -0.06100016797743559, 119877000000, 
0.03874367572159326, -0.06370626149929877, -0.03866049673815789, 119979000000, 
0.03505897228918359, -0.03821601239317141, -0.013856295477219005, 120081000000, 
0.03615596014948741, -0.00845658683694723, 0.014616564094785314, 120183000000, 
0.0344720682968786, -0.004669444178462067, 0.010833745750522757, 120251000000, 
0.0332700412557278, -0.012182564771451026, 0.01006970733706267, 120353000000, 
0.031605885290215296, -0.009366611132886614, 0.011598279055141502, 120455000000, 
0.029901594547559807, -0.011007995778326778, 0.011247577368711084, 120557000000, 
0.02824901423026077, -0.010970166862596489, 0.010709905046203673, 120659000000, 
0.02325980302482633, -0.02170520105468456, 0.00994747100770412, 120761000000, 
0.012797688958317455, -0.0504945270324945, 0.008555351051480215, 120863000000, 
-0.004023279394526791, -0.08916040006324549, 0.006132567852917754, 120965000000, 
-0.02881968907055449, -0.1360045033623266, 0.002139520566885983, 121067000000, 
-0.06417445880302014, -0.19657248172710248, -0.004145275599377119, 121169000000, 
-0.11165013340910146, -0.27068772659655876, -0.013319151276884208, 121271000000, 
-0.16843270022519763, -0.340713207262018, -0.02564281774136323, 121373000000, 
0.30589393391064706, 1.3645230958161718, -0.004568447236611412, 121475000000, 
0.3002153682323213, 1.5315296354820882, 0.017805936659984138, 121577000000, 
0.2947267933959396, -0.03649392325067798, 0.0422112218095134, 121679000000, 
0.28967502289266694, -0.03444557300540643, 0.06950133243803365, 121781000000, 
0.2872603516118189, -0.028345677857989304, 0.08374038330245899, 121849000000, 
0.283884784774149, -0.02286788810111746, 0.08249319818472409, 121951000000, 
0.2820992767609818, -0.01686625768247422, 0.09775994360161781, 122053000000, 
0.28218605353351317, -0.005551409283123705, 0.09690717329097281, 122155000000, 
0.28198682419442944, -0.0003674920475566854, 0.09638437577949266, 122257000000, 
0.28026696142892066, -0.006271542825465728, 0.09590882524705559, 122359000000, 
0.27892798499131705, -0.00999620654611894, 0.09557176286182302, 122461000000, 
0.27683589777376405, -0.011212626324041202, 0.0952138530906922, 122563000000, 
0.27242720983643054, -0.021244363251263096, 0.09455025171929059, 122665000000, 
0.264958494999738, -0.03881504174518316, 0.09339232533405158, 122767000000, 
0.25297545197999766, -0.06356783613213361, 0.0915365026915248, 122869000000, 
0.23270852942305364, -0.10539204436824955, 0.0883935797128829, 122971000000, 
0.6329687342943209, 1.241808112138311, 0.11261061259628075, 123073000000, 
0.6446776305222124, 1.346304251958035, 0.13792364120291392, 123175000000, 
0.6595133312426444, 0.08674704885073059, 0.16475337006743154, 123277000000, 
0.6781833124449594, 0.10949569255799692, 0.19366750457904894, 123379000000, 
0.6905651987388266, 0.12170853151345014, 0.1873347984104346, 123447000000, 
0.6990036537252322, 0.08827217133073971, 0.19107677717818622, 123549000000, 
0.7110493490006047, 0.06694166752215058, 0.23380540947035416, 123651000000, 
0.718579044978256, 0.06397186683994695, 0.23782187800437574, 123753000000, 
0.7197708781149275, 0.02850172913177379, 0.24064983246993354, 123855000000, 
0.7226841477623258, 0.013415368575391622, 0.2428339210035315, 123957000000, 
0.7127275068532297, -0.02301755314280307, 0.24376714301623537, 124059000000, 
0.6973581573630111, -0.08276467450756443, 0.24283614198487893, 124161000000, 
0.678105501421456, -0.11314380860056779, 0.24008394102301656, 124263000000, 
0.6534073491728719, -0.14363009212463787, 0.23557122105495681, 124365000000, 
0.6210923113849023, -0.18631761449854153, 0.228662976181292, 124467000000, 
0.5776187252031081, -0.24767524173125435, 0.2194755790290837, 124569000000, 
0.5170290991770204, -0.3400758568885028, 0.20721320307243635, 124671000000, 
0.4288517980417139, -0.4861664286320071, 0.1902639512426139, 124773000000, 
0.46632013607207157, -0.16571556570244736, 0.17754202075175946, 124875000000, 
0.41059252334667207, -0.05967083233673809, 0.16322803516515985, 124977000000, 
0.36997668769009295, -0.3812136150662358, 0.12425698051189568, 125045000000, 
0.29998209411884225, -0.4278377354775143, 0.11195765022526558, 125147000000, 
0.2183306776954893, -0.4955751960607963, 0.12003374408677542, 125249000000, 
0.12164680682542639, -0.582795056514431, 0.09659595769800355, 125351000000, 
0.009686992241678016, -0.6818421093261806, 0.06933438158286395, 125453000000, 
-0.12502176753850724, -0.8061064521697178, 0.035674486627319146, 125555000000, 
-0.274354473513836, -0.9282400841683467, -0.003380399971702969, 125657000000, 
-0.42320102197531817, -0.9744420079634345, -0.04700455554931787, 125759000000, 
0.0047195497828721455, 0.9120066120807456, -0.05495560902821156, 125861000000, 
-0.06158380719640488, 1.1817556038526578, -0.059802023390001194, 125963000000, 
-0.12835653997467755, -0.43488918221421474, -0.060028787915660776, 126065000000, 
-0.1955686571823927, -0.4378589868823131, -0.05467135240512263, 126167000000, 
-0.2663164083740559, -0.4508492431352234, -0.0440031986802368, 126269000000, 
-0.3475805881419671, -0.49677101620775943, -0.06795960805912586, 126371000000, 
-0.4298317351125528, -0.5343638128709048, -0.09300046715742391, 126473000000, 
-0.5116070418047676, -0.5360341622967337, -0.11906150128187003, 126575000000, 
-0.5627430286349308, -0.5179061664622862, -0.12002446545053552, 126643000000, 
-0.6415103169554106, -0.5080760410644596, -0.14128545360347894, 126745000000, 
-0.20793469279422683, 1.1595043654924966, -0.1600466234405284, 126847000000, 
-0.25187265840680473, 1.2733256815313918, -0.14794540622453753, 126949000000, 
-0.29563509493260615, -0.28660262136725273, -0.13325931383723055, 127051000000, 
-0.34118077049038387, -0.29185657543653315, -0.11819308028340136, 127153000000, 
-0.3975415987593611, -0.333027790283513, -0.10160320744607, 127255000000, 
-0.4556730333211292, -0.3741577216691024, -0.11844941460189937, 127357000000, 
-0.515735041117491, -0.38625307960173166, -0.13639205662622603, 127459000000, 
-0.5760667650138409, -0.393443567623241, -0.15546141019175, 127561000000, 
-0.6341956033526988, -0.3871260203764959, -0.1753864188263874, 127663000000, 
-0.22150992368785288, 1.1586824879934248, -0.16341626492152486, 127765000000, 
-0.2520447085473553, 1.2488591333507957, -0.14956953883690824, 127867000000, 
-0.2824597611539456, -0.19918247537938802, -0.13370681979938714, 127969000000, 
-0.3109817256966299, -0.19260463120677984, -0.11568103712581677, 128071000000, 
-0.3445540808225917, -0.20292261329622907, -0.09598541359376953, 128173000000, 
-0.3735929375502982, -0.2520609157435345, -0.08860588211367983, 128241000000, 
-0.4180841039195963, -0.28774330542763993, -0.09801478118477348, 128343000000, 
-0.4638643115609711, -0.2950044902309571, -0.12995324684940593, 128445000000, 
-0.5111517336131778, -0.3041425806979788, -0.14356480738773117, 128547000000, 
-0.562228766461587, -0.321452466995477, -0.1583666860111828, 128649000000, 
-0.12761723657083696, 1.2533807092886955, -0.14164033834457948, 128751000000, 
-0.1509600776622662, 1.3440153228735976, -0.12347590455908103, 128853000000, 
-0.17405929739731013, -0.1517714406093895, -0.1037691635959521, 128955000000, 
-0.1968858041835354, -0.15008407359891895, -0.08239908039473641, 129057000000, 
-0.23649003335214014, -0.2040220129242811, -0.060248846543294036, 129159000000, 
-0.2767212671948792, -0.26090020591942426, -0.0703879206257289, 129261000000, 
-0.32263191631993665, -0.2815094214633873, -0.08206160565445049, 129363000000, 
-0.3725484100562893, -0.3131605975863075, -0.09555886531526107, 129465000000, 
0.07321699169120788, 1.293623882389361, -0.07719187519577853, 129567000000, 
0.05580535411670451, 1.3998489025261236, -0.05731578884789709, 129669000000, 
0.04225875757872438, -0.10117069971399835, -0.035625147163292056, 129771000000, 
0.03382252567734939, -0.08562400127464907, -0.009488537589563844, 129839000000, 
0.018894972832260493, -0.09013693038284766, 0.012693254107453976, 129941000000, 
-0.0149052212446254, -0.15924100301298952, 0.009239594449308108, 130043000000, 
-0.050815243526661, -0.22781116457163889, 0.0019893938095592546, 130145000000, 
-0.09296603492361277, -0.25510069829734433, -0.007205892080599671, 130247000000, 
-0.14110949614315477, -0.2950792569166463, -0.019101269564393952, 130349000000, 
-0.19559110038512123, -0.3353760309199623, -0.033686322543175905, 130451000000, 
0.27766407387787645, 1.3685410785001022, -0.013791610474845784, 130553000000, 
0.2675668681964641, 1.5135881326195602, 0.007858373122326718, 130655000000, 
0.2579572077812453, -0.06440152319160503, 0.03172115362625706, 130757000000, 
0.24909223974815042, -0.06037460277226686, 0.05825487166686581, 130859000000, 
0.22224298558673167, -0.11671314442651519, 0.08666758951295181, 130961000000, 
0.1925028725757859, -0.18493257245870756, 0.08087662782440966, 131063000000, 
0.15460245692455138, -0.2210474792881709, 0.0731950478579196, 131165000000, 
0.10904194109106369, -0.2727481421069354, 0.06306880972298724, 131267000000, 
0.07374003090844344, -0.32193915394581063, 0.04262071626823931, 131335000000, 
0.012413236902386215, -0.37346293882348885, 0.030730363842793065, 131437000000, 
-0.06048745706085684, -0.4386519214683016, 0.019673094196059972, 131539000000, 
0.42981058127250665, 1.3640436090526815, 0.03838724665172093, 131641000000, 
0.4173025968545452, 1.5614054049522943, 0.059348971243637666, 131743000000, 
0.4054363909724348, -0.07965421666690155, 0.08190432372798909, 131845000000, 
0.39388315836314247, -0.07653411271700232, 0.1078442783873205, 131947000000, 
0.3656178014768865, -0.1301261094625761, 0.13681943596788704, 132049000000, 
0.33049034891662543, -0.20716604394286617, 0.1300656601676871, 132151000000, 
0.2848990129364055, -0.2637868906551666, 0.12106221646125362, 132253000000, 
0.22759957517670937, -0.33624435862717666, 0.10896931298714431, 132355000000, 
0.15504413283000662, -0.42436235328888533, 0.09272825925089105, 132457000000, 
0.4888120577704038, 0.8536355640316812, 0.10110546867885023, 132559000000, 
0.46588788628915434, 1.0158292596704175, 0.1103125012201822, 132661000000, 
0.4410590846050141, -0.15605546786075078, 0.12093138609364758, 132763000000, 
0.4142591256247965, -0.1687214400796008, 0.1336242355241175, 132865000000, 
0.3905367620076323, -0.2038676614573982, 0.12469811192349674, 132933000000, 
0.3424254654505836, -0.27351255549933, 0.11640287169204024, 133035000000, 
0.3052042525444102, -0.2788644100105298, 0.1287569589358057, 133137000000, 
0.2932621966687061, -0.16066427706495914, 0.11870677055613675, 133239000000, 
0.29360480730568006, -0.037906683786699785, 0.11050227691043682, 133341000000, 
0.29167025938531066, -0.005202409422860985, 0.10377935473211894, 133443000000, 
0.2917751952898444, -0.005979124234757015, 0.10033513636118868, 133545000000, 
0.2917404317249521, 0.00022932137137732377, 0.09941959654546553, 133647000000, 
0.2916918984113942, -0.00027221202107912404, 0.09931281626396832, 133749000000, 
0.2916689319710487, -0.00023365932648174699, 0.0991811767412134, 133851000000, 
0.29166100509278825, -0.00010095855753578836, 0.09918054744932188, 133953000000, 
0.2916602956501897, -2.8223270781086065e-05, 0.09917273427382534, 134055000000, 
0.29166546932696746, 1.4589000585664635e-05, 0.0991676368307624, 134157000000, 
0.29166640925755005, 1.997910902077937e-05, 0.099165903568301, 134259000000, 
0.29165173519341525, -4.488278938631475e-05, 0.0991647341874219, 134361000000, 
0.2916291687811412, -0.00012170090329689791, 0.09916256931822992, 134463000000, 
0.2916191287882023, -0.00012296209700138032, 0.08263314164301232, 134531000000, 
0.2916152186972927, -6.199372652935141e-05, 0.08263029410733075, 134633000000, 
0.2916162191744476, -9.508541682055902e-06, 0.09915294000314592, 134735000000, 
0.29161030050298187, -1.6072530427483947e-05, 0.09915012244419646, 134837000000, 
0.2889326678305232, -0.008769775633739854, 0.09896676037955443, 134939000000, 
0.2862035389973362, -0.017669155247208086, 0.09859850027377554, 135041000000, 
0.283460970380799, -0.017881364214784968, 0.09804401138825396, 135143000000, 
0.2807041379926738, -0.017971898708047048, 0.09730198986789335, 135245000000, 
0.27792062531118666, -0.01810570284187032, 0.09637109195485129, 135347000000, 
0.2779114441109374, -0.009126450593909865, 0.09562164874191945, 135449000000, 
0.27792062594510325, 2.071622829705608e-09, 0.0950584106543676, 135551000000, 
0.2779234813212169, 3.9337288495216675e-05, 0.09468186139831603, 135653000000, 
0.277925216989364, 1.5003412616862607e-05, 0.09449289477009094, 135755000000, 
0.27792679221985483, 1.08199301892825e-05, 0.09449331411988039, 135857000000, 
0.2779271633453858, 6.3606405941112605e-06, 0.09449438302782288, 135959000000, 
0.2779257511196356, -5.709846713633559e-06, 0.07874560961640924, 136027000000, 
0.2779254236073797, -7.992976736001323e-06, 0.07874571967929178, 136129000000, 
0.2779267881227181, 3.3888989624697807e-06, 0.09449497045221822, 136231000000, 
0.27793091867992403, 1.7957753412829765e-05, 0.09449525105150292, 136333000000, 
0.27793532578229985, 2.790084830638311e-05, 0.09449580609721309, 136435000000, 
0.27512902841495457, -0.009156504133887139, 0.09430562895329478, 136537000000, 
0.27226893204328706, -0.018517626598081007, 0.09392098752693646, 136639000000, 
0.2693853697598958, -0.01877012632372147, 0.09334017107826456, 136741000000, 
0.26647917068498794, -0.018920788752611495, 0.0925614522146089, 136843000000, 
0.26354512621243587, -0.01908576322699325, 0.09158291864385816, 136945000000, 
0.26057942120935573, -0.019280227044549708, 0.09059354535387744, 137047000000, 
0.2575776660127167, -0.019501503920650868, 0.08959453926379865, 137149000000, 
0.2545402894307489, -0.01973572476668896, 0.08858507380141666, 137251000000, 
0.25453411562451733, -0.009946243098690745, 0.08777281005730465, 137353000000, 
0.25455120146948973, 3.5660257322934385e-05, 0.08716122317478432, 137455000000, 
0.25456264678949414, 9.323910123139968e-05, 0.08675208251423373, 137557000000, 
0.2545636520101141, 4.233055860901418e-05, 0.07212260796838064, 137625000000, 
0.2545644502319936, 7.536120292258071e-06, 0.07212397708045117, 137727000000, 
0.2545627035624144, -3.0995022866380794e-06, 0.08655071647631839, 137829000000, 
0.25456011232980236, -1.4176150951737044e-05, 0.08655132241481965, 137931000000, 
0.25455964265073283, -1.0002979351512256e-05, 0.08655111813338388, 138033000000, 
0.2514951429406054, -0.010016239833977062, 0.0863424595166573, 138135000000, 
0.2483744239534732, -0.020213132997580496, 0.08592153772971792, 138237000000, 
0.24522391581626268, -0.020494206288701612, 0.08528650016297958, 138339000000, 
0.24204280879205597, -0.020691552815088974, 0.08443532352241283, 138441000000, 
0.23882966454397592, -0.020896245987865252, 0.08336568501115336, 138543000000, 
0.2355826737208181, -0.021111552520385237, 0.08228363710420783, 138645000000, 
0.23229854824492346, -0.02134351731716488, 0.08119047755602644, 138747000000, 
0.22897479174555158, -0.021594385540086653, 0.08008553711921809, 138849000000, 
0.22560966687493422, -0.021859089444409285, 0.07896808346885381, 138951000000, 
0.22220622654482602, -0.02211949412001814, 0.07783768968491162, 139053000000, 
0.2187645722194952, -0.022369590377251742, 0.07669405878282166, 139155000000, 
0.21878500665534983, -0.01114706755408127, 0.06314594829560888, 139223000000, 
0.21879542986644474, 0.00013423158456492358, 0.06256911778912617, 139325000000, 
0.21879037324428086, 1.753787232360036e-05, 0.07461922938006696, 139427000000, 
0.21878660086665147, -2.8852940500864245e-05, 0.0743866948339511, 139529000000, 
0.2187853082663349, -1.655221550962587e-05, 0.0743881048851362, 139631000000, 
0.21530851923406835, -0.01136627984504287, 0.07415170374048904, 139733000000, 
0.21176944976419732, -0.02292764216384835, 0.07367393709353622, 139835000000, 
0.20819666617674615, -0.023241349860530076, 0.07295356501294387, 139937000000, 
0.20458943796432638, -0.023464090849251416, 0.07198815793558577, 140039000000, 
0.2009416255685743, -0.023709283033241296, 0.07077478751213805, 140141000000, 
0.19725144373488923, -0.02398037329881422, 0.06954690637819387, 140243000000, 
0.19351554488812084, -0.02426823751782181, 0.06830564084662066, 140345000000, 
0.1897331814318155, -0.02456948465056775, 0.06705012388396538, 140447000000, 
0.18590443301722404, -0.02487291461077387, 0.06577954354756242, 140549000000, 
0.1820310949466447, -0.025170217271799966, 0.06449362746527121, 140651000000, 
0.1781112508799393, -0.02546791548132271, 0.06319209435113461, 140753000000, 
0.17414615069115558, -0.032246713561702584, 0.051562479621450816, 140821000000, 
0.1701309969786624, -0.03255818299238148, 0.050451689169105474, 140923000000, 
0.1660650651487363, -0.0264087762824159, 0.0591929499878694, 141025000000, 
0.1619487980346237, -0.026739212235420622, 0.05782735379785197, 141127000000, 
0.1619609740065454, -0.013412062556179419, 0.056729134970461184, 141229000000, 
0.15780649197016816, -0.01353694792305731, 0.05561803817743404, 141331000000, 
0.15356525816277156, -0.027436979881613904, 0.05449156793795346, 141433000000, 
0.1492826372051318, -0.027855734526262634, 0.05335036283778836, 141535000000, 
0.1449541847435657, -0.028140762807862294, 0.05219472913399641, 141637000000, 
0.14057305633471695, -0.028462682583055055, 0.050740350732312076, 141739000000, 
0.13613807713407, -0.028810809181358477, 0.0492668985234574, 141841000000, 
0.13164820115175824, -0.029166193408361806, 0.04777653864670849, 141943000000, 
0.12710044114467045, -0.02953475813529265, 0.04626814931459713, 142045000000, 
0.12249427950996505, -0.02991477660716727, 0.04474087575871228, 142147000000, 
0.11782727147115724, -0.030304476057232733, 0.04319416238799022, 142249000000, 
0.11310026882355995, -0.030699381328121268, 0.04162759142287554, 142351000000, 
0.10833130870301177, -0.03882497656346257, 0.03336836894696732, 142419000000, 
0.1034852995793184, -0.039213886616064154, 0.03203017759159737, 142521000000, 
0.09857705017975793, -0.031876661840698844, 0.03680984151546275, 142623000000, 
0.09360220218100801, -0.032297703916047034, 0.03516253680373261, 142725000000, 
0.07839483666183389, -0.06595494613700668, 0.032802567416735234, 142827000000, 
0.0461684779977205, -0.1550121705336193, 0.02857549492877543, 142929000000, 
0.005242924869022891, -0.23905853527062418, 0.021895013448475335, 143031000000, 
0.41344054079581904, 1.2002354993401914, 0.04330573081036749, 143133000000, 
0.4122870301584384, 1.3302094944098546, 0.06497629911283274, 143235000000, 
0.41108655704878716, -0.007692757343241453, 0.08759933609914557, 143337000000, 
0.4098809228480754, -0.00786309578549983, 0.11233178234896972, 143439000000, 
0.408674530925197, -0.00788243831238611, 0.13976513156078954, 143541000000, 
0.40745622472850396, -0.007923850063959043, 0.13935819806821212, 143643000000, 
0.40622443447411993, -0.00800685114731071, 0.13894594156167847, 143745000000, 
0.4049846732143567, -0.008076965732507324, 0.13853101346093719, 143847000000, 
0.40369992838201985, -0.010349276170812166, 0.11509225486437119, 143915000000, 
0.402450466338653, -0.010380978078013563, 0.11473955787113368, 144017000000, 
0.4011918615630937, -0.008196296793876226, 0.1372614927501125, 144119000000, 
0.3999190588426823, -0.0082725735162441, 0.13683272720717476, 144221000000, 
0.39863373685200976, -0.008359884676744983, 0.13640086353453518, 144323000000, 
0.39465525100428234, -0.0172019863999999, 0.13578582547284904, 144425000000, 
0.3862639736684951, -0.040424062691224456, 0.13468514397127831, 144527000000, 
0.3726019383855921, -0.07206964908068712, 0.13274102919520817, 144629000000, 
0.34973313080921153, -0.11938183940942333, 0.12932838608893216, 144731000000, 
0.3144743278218596, -0.18995951164618466, 0.12360554627488195, 144833000000, 
0.27632349670058043, -0.23990076506088598, 0.1155589869822302, 144935000000, 
0.2382696965029446, -0.24903474287227115, 0.10549537613497278, 145037000000, 
0.20626669315270496, -0.22894380244403748, 0.09418457945913647, 145139000000, 
0.18201055877564576, -0.18385339126568254, 0.082779444560854, 145241000000, 
0.16890999329699874, -0.12208071848270008, 0.07288106981316346, 145343000000, 
0.165538342369968, -0.053830772567574355, 0.06534767931868181, 145445000000, 
0.16126833351088876, -0.03194988305767843, 0.05009298886268502, 145513000000, 
0.15788904967339357, -0.03197482720952308, 0.04735158906552404, 145615000000, 
0.1544304954812744, -0.022345875913772392, 0.05494646257461159, 145717000000, 
0.1508627954232824, -0.022961615196441715, 0.05371925311919888, 145819000000, 
0.14724977461075794, -0.023466408073583227, 0.05247563051157259, 145921000000, 
0.13630284939402493, -0.04758152297142967, 0.050777977591625854, 146023000000, 
0.11372127114387653, -0.10957027276758631, 0.0477745686516187, 146125000000, 
0.07996071012517747, -0.18412463813348845, 0.04271062324740411, 146227000000, 
0.038918323735892546, -0.24445407649667972, 0.035098399172661596, 146329000000, 
-0.0041471429277348815, -0.27486226487879856, 0.024803408780044084, 146431000000, 
-0.048549391580014256, -0.2858422069147281, 0.012233456393809423, 146533000000, 
-0.09346875861887738, -0.2919007048730147, -0.0018554656300578418, 146635000000, 
-0.1382344290305746, -0.2930883576815697, -0.01669273509264898, 146737000000, 
-0.18246468276710903, -0.2908363534255936, -0.03174677953485309, 146839000000, 
-0.21957350874445603, -0.2658139859930766, -0.04639577241039012, 146941000000, 
-0.23761271928224909, -0.1802223415527453, -0.05925207869414209, 147043000000, 
-0.24401442504539272, -0.09033257902780562, -0.057907653342620956, 147111000000, 
-0.25045440315857087, -0.0524265907120706, -0.06426678520987407, 147213000000, 
-0.25701311489848183, -0.04247937860486637, -0.08218943563678222, 147315000000, 
-0.26359804825622524, -0.04295308855442603, -0.08518310432358253, 147417000000, 
-0.2702186746272938, -0.04315542395036598, -0.08740030928704559, 147519000000, 
-0.28989242643395813, -0.08592934045010749, -0.09052001338146803, 147621000000, 
-0.3241059509602806, -0.1761022102385189, -0.09552831863198429, 147723000000, 
-0.35910948335975695, -0.22619953243725108, -0.102470871687351, 147825000000, 
-0.39504055382428116, -0.23181242766013255, -0.11140896206597879, 147927000000, 
-0.4312692126397767, -0.23581610875823444, -0.12236039865082762, 148029000000, 
-0.4668496200912816, -0.2346701511993479, -0.13439348781952565, 148131000000, 
-0.5012632322760417, -0.22873862626230412, -0.14644018294899738, 148233000000, 
-0.5343377864284983, -0.2205495631935185, -0.15835570755767178, 148335000000, 
-0.5659964546634363, -0.21154647839017823, -0.16998070881473434, 148437000000, 
-0.5961946126569738, -0.20214649094273054, -0.18119563601590374, 148539000000, 
-0.6121380177787492, -0.1768407375039236, -0.15922937254887629, 148607000000, 
-0.639681371048624, -0.16816490507365314, -0.16707306707932262, 148709000000, 
-0.665751663008478, -0.17520799094682607, -0.20942382410262575, 148811000000, 
-0.6789415439879111, -0.1283012187558401, -0.21710409017669002, 148913000000, 
-0.6876692050161086, -0.07162595427330272, -0.2233243624571112, 149015000000, 
-0.7044580802065408, -0.08338737326349577, -0.229602126702201, 149117000000, 
-0.7240839831850784, -0.1190025430358489, -0.23534150432747994, 149219000000, 
-0.7447802029163277, -0.13177164284244106, -0.2407154450412137, 149321000000, 
-0.7659896436181597, -0.13694660272248793, -0.24663471581607063, 149423000000, 
-0.7873331100761386, -0.13906178810395706, -0.25341186136015265, 149525000000, 
-0.8081646256704734, -0.13782673873305143, -0.2604639064517001, 149627000000, 
-0.8281718295960661, -0.13345986771218124, -0.2675418800076472, 149729000000, 
-0.8473110397117767, -0.12792945765131783, -0.2745139769097377, 149831000000, 
-0.8656288602251613, -0.12240859682710858, -0.2812894436390138, 149933000000, 
-0.8831479173573593, -0.11711397923393019, -0.2878048505341369, 150035000000, 
-0.8998727968278315, -0.11190828955120989, -0.29404100617283724, 150137000000, 
-0.9089335591947966, -0.09907197065660063, -0.2496106698212924, 150205000000, 
